{
  "IsEncrypted": false,
  "Values": {
    "AzureWebJobsStorage": "UseDevelopmentStorage=true",
    "FUNCTIONS_WORKER_RUNTIME": "node",
    "AZURE_DEVOPS_PAT": "5VV8lg3ko9lCcc53mL45j6tEgsjYeoDgYa8o5d3H0J3DDbQCO94qJQQJ99BFACAAAAAAAAAAAAAGAZDO3iUH",
    "AZURE_DEVOPS_ORG": "sefaz-ce-demo",
    "SQL_CONNECTION_STRING": "Server=tcp:servidor-apontamentos.database.windows.net,1433;Initial Catalog=apontamentosdb;Persist Security Info=False;User ID=adminuser;Password=j!6NhY@5#eBBMQuN65H9;MultipleActiveResultSets=False;Encrypt=True;TrustServerCertificate=False;Connection Timeout=30;",
    "DB_USER": "adminuser",
    "DB_PASSWORD": "j!6NhY@5#eBBMQuN65H9",
    "DB_SERVER": "servidor-apontamentos.database.windows.net",
    "DB_NAME": "apontamentosdb"
  }
}
